strain,insertion: 7bp @ ref pos 0,insertion: 108bp @ ref pos 29882
Malaysia/IMR_WC085/2020,CCACCTG,AAC
Australia/SAP305/2020,,AAAAAAAAAAAAAAAAAAAAA
Sichuan/SC-GA-062/2020,,AAAAAAAAAAAAAAAAAAAAA
Sichuan/SC-WCH4-287/2020,,AAAAAAAAAAAAAAAAAAAAA
Italy/SPL1/2020,,AAAAAAAAAAAAAAAAAAAAA
Sweden/20-02114/2020,,AAAAAAAAAAAAAAAAAAAAA
Australia/VIC03/2020,,AAAAAAAAAAAAAAAAAAAAA
Australia/VIC02/2020,,AAAAAAAAAAAAAAAAAAAAA
Australia/VIC13/2020,,AAAAAAAAAAAAAAAAAAAAA
SouthKorea/KCDC2062/2020,,AAAAAAAAAAAAAAAAAAAAA
SouthKorea/KCDC2002/2020,,AAAAAAAAAAAAAAAAAAAAA
Australia/VIC01/2020,,AAAAAAAAAAAAAAAAAAAAA
USA/CA2/2020,,A
Ganzhou/JX81/2020,,AAAAAAAAA
HongKong/HKU-907a/2020,,AAAAAAAAA
HongKong/HKU-902a/2020,,AAAAAAAAA
Taiwan/4/2020,,AAAAAAAAA
HongKong/HKU-902b/2020,,AAAAAAAAA
Thailand/Nonthaburi_59/2020,,AAAAAAAAA
HongKong/HKU-911a/2020,,AAAAAAAAA
Vietnam/19-01S/2020,,AAAAAAAAA
Yunnan/IVDC-YN-003/2020,,AAAAAAAAA
HongKong/HKU-913a/2020,,AAAAAAAAA
Singapore/7/2020,,AAAAAAAAA
Singapore/466/2020,,AAAAAAAAA
HongKong/HKU-903a/2020,,AAAAAAAAA
Taiwan/8/2020,,AAAAAAAAA
Vietnam/19-02S/2020,,AAAAAAAAA
HongKong/HKU-001a/2020,,AAAAAAAAA
Singapore/15/2020,,AAAAAAAAA
Jiangsu/IVDC-JS-001/2020,,AAAAAAAAA
Taiwan/3/2020,,AAAAAAGAA
Thailand/Bangkok_269/2020,,AAAAAAAA
Singapore/20/2020,,AAAAAAAA
SouthKorea/KCDC06/2020,,AAAAA
SouthKorea/KCDC07/2020,,AAAAA
Wuhan/WHUH020/2020,,GCTGATGAAACTCAAGCCTTACCGCAGAGACAGAAGAAACAGCAAACTGTGACTCTTCTTCCTGCTGCAGATTTGGATGATTTCTCCAAACAATTGCAACAATCCATG
