[Header],,,,,,,,,
IEMFileVersion,4,,,,,,,,
Investigator Name,Pascha Hokama,,,,,,,,
Experiment Name,POLAR_Set6_06262020,,,,,,,,
Date,POLAR_Set6_06262020,,,,,,,,
Workflow,GenerateFASTQ,,,,,,,,
Application,FASTQ Only,,,,,,,,
Assay,Nextera XT,,,,,,,,
Description,POLAR_Set6_06262020,,,,,,,,
Chemistry,Amplicon,,,,,,,,
,,,,,,,,,
[Reads],,,,,,,,,
251,,,,,,,,,
251,,,,,,,,,
,,,,,,,,,
[Settings],,,,,,,,,
ReverseComplement,0,,,,,,,,
Adapter,CTGTCTCTTATACACATCT,,,,,,,,
,,,,,,,,,
[Data],,,,,,,,,
Sample_ID,Sample_Name,Sample_Plate,Sample_Well,I7_Index_ID,index,I5_Index_ID,index2,Sample_Project,Description
VSP0102-1,VSP0102-1,,,N702-A,CGTACTAG,S505-A,GTAAGGAG,,
VSP0143-1,VSP0143-1,,,N703-A,AGGCAGAA,S506-A,ACTGCATA,,
VSP0155-1,VSP0155-1,,,N704-A,TCCTGAGC,S507-A,AAGGAGTA,,
VSP0163-1,VSP0163-1,,,N705-A,GGACTCCT,S508-A,CTAAGCCT,,
VSP0177-1,VSP0177-1,,,N706-A,TAGGCATG,S510-A,CGTCTAAT,,
VSP0176-1,VSP0176-1,,,N707-A,CTCTCTAC,S511-A,TCTCTCCG,,
VSP0202-1,VSP0202-1,,,N710-A,CGAGGCTG,S517-A,GCGTAAGA,,
VSP0086-1,VSP0086-1,,,N711-A,AAGAGGCA,S521-A,GAGCCTTA,,
VSP9993-1,VSP9993-1,,,N712-A,GTAGAGGA,S505-A,GTAAGGAG,,
